date,area,uk_7d,uk_30d,ym_7d,ym_30d,primary_query,sources_used,notes
2026-05-05,Agentic AI / LLM,50,285,4,23,AI engineer (fallback),"websearch_serp_snippet,estimate","All direct SERP sources HTTP 403 (Indeed/LinkedIn/Reed). UK 30d ~285 from Glassdoor snippet; UK 7d and Y/M are proportional estimates. Primary query LLM engineer blocked; fallback AI engineer used."
2026-05-05,HW / Power / SI / PI,9,198,1,8,signal integrity (fallback),websearch_serp_snippet,"Primary query power integrity blocked. Fallback signal integrity: LinkedIn SERP snippet showed 198 total / 9 new. Y/M estimated at ~4% of UK count."
2026-05-05,FPGA / RTL,11,172,3,25,FPGA engineer,websearch_serp_snippet,"LinkedIn SERP snippet via WebSearch: 172 FPGA Engineer jobs in UK (11 new). Y/M (~15%) estimated from CWJobs Manchester data showing ~25% of permanent FPGA roles."
2026-05-05,DSP,5,30,1,3,DSP engineer,websearch_estimate,"All direct sources HTTP 403. Counts are rough estimates based on relative DSP market size vs FPGA; no direct SERP snippet obtained."
2026-05-05,Agentic AI / LLM,25,256,4,55,LLM engineer (LinkedIn fallback),linkedin_serp,"Indeed UK 403 all cells. Primary 'LLM engineer' fell back to LinkedIn SERP: 256 total LLM jobs UK, 25 new. ym_7d=4 (Leeds AI eng 3 new + Manchester AI 1 new est.). ym_30d=55 est. (Leeds 29 + Manchester ~26)."
2026-05-05,HW / Power / SI / PI,9,198,1,8,signal integrity (fallback),linkedin_serp,"Indeed UK 403. Primary 'power integrity' returned US results on LinkedIn. Fallback 'signal integrity': LinkedIn SERP 198 total 9 new. ym_7d=1 (~10% of 9 est.). ym_30d=8 (~4% of 198 est.)."
2026-05-05,FPGA / RTL,11,172,2,15,FPGA engineer,linkedin_serp,"Indeed UK 403. LinkedIn SERP: 172 FPGA Engineer jobs UK 11 new. ym_7d=2 and ym_30d=15 est. (Manchester ~6 from Glassdoor + Yorkshire proportion)."
2026-05-05,DSP,29,754,2,20,digital signal processing (fallback),linkedin_serp,"Indeed UK 403. Primary 'DSP engineer' LinkedIn over-broad (18000+). Fallback 'digital signal processing': 754 total 29 new. ym_7d=2 (~7% est.). ym_30d=20 (~2.7% est.). Large jump from prior estimate of 30 -- prior was rough; today uses actual SERP."
2026-05-05,Electronics Engineer,59,4000,10,480,electronic design engineer (fallback),linkedin_serp,"First Electronics Engineer snapshot. Indeed 403. Primary 'electronics engineer' LinkedIn 4000+ no new count. Fallback 'electronic design engineer': 4000+ UK (59 new). Manchester: 383 ed eng jobs. ym_7d=10 and ym_30d=480 (Manchester 383 + Yorkshire ~97) est."
2026-05-06,Agentic AI / LLM,25,256,5,55,LLM engineer (LinkedIn fallback),linkedin_serp,"Indeed UK 403. LinkedIn 'LLM jobs UK' SERP: 256 total (25 new). ym_7d est. Leeds AI eng 3 new + Manchester ~2. ym_30d est. Leeds 29 + Manchester ~26. Same LinkedIn aggregate as 2026-05-05."
2026-05-06,HW / Power / SI / PI,9,198,1,8,signal integrity (fallback),linkedin_serp,"Indeed UK 403. Primary 'power integrity' no clean aggregate. Fallback 'signal integrity' LinkedIn SERP: 198 total (9 new). ym_7d ~10% of 9 est.; ym_30d ~4% of 198 est. Same LinkedIn aggregate as 2026-05-05."
2026-05-06,FPGA / RTL,11,172,2,15,FPGA engineer,linkedin_serp,"Indeed UK 403. LinkedIn 'FPGA Engineer jobs UK': 172 total (11 new). ym_7d and ym_30d est. from ~15% UK proportion. Same LinkedIn aggregate as 2026-05-05."
2026-05-06,DSP,29,754,2,20,digital signal processing (fallback),linkedin_serp,"Indeed UK 403. Primary 'DSP engineer' too broad (18k+). Fallback 'digital signal processing' LinkedIn SERP: 754 total (29 new). ym_7d ~7% of 29 est.; ym_30d ~2.7% of 754 est. Same LinkedIn aggregate as 2026-05-05."
2026-05-06,Electronics Engineer,59,4000,10,480,electronic design engineer (fallback),linkedin_serp,"Indeed UK 403. Primary 'electronics engineer' LinkedIn 4000+ Electronic Engineer (no new count). Fallback 'electronic design engineer': 4000+ UK (59 new). ym_7d and ym_30d est. from regional proportions. Same aggregate as 2026-05-05."
2026-05-07,Agentic AI / LLM,25,256,5,55,LLM engineer (LinkedIn fallback),linkedin_serp estimate,"Indeed 403. LinkedIn 'LLM jobs UK': 256 total (25 new). ym_7d est. Leeds AI eng 3 new + Manchester ~2. ym_30d est. Leeds 29 + Manchester ~26. Trend ref date 2026-04-30 has no history within +/-2 days; bare counts shown."
2026-05-07,HW / Power / SI / PI,9,198,1,8,signal integrity (fallback),linkedin_serp estimate,"Indeed 403. Power integrity no clean LinkedIn aggregate. Fallback signal integrity: 198 total (9 new). ym_7d ~10% of 9 est.; ym_30d ~4% of 198 est. Same LinkedIn aggregate as prior days."
2026-05-07,FPGA / RTL,16,251,3,18,FPGA engineer,linkedin_serp estimate,"Indeed 403. LinkedIn 'FPGA Engineer jobs UK': 251 total (new count not shown in SERP snippet). uk_7d=16 estimated at ~6.4% of 251 (prior ratio). ym_7d=3 est.; ym_30d=18 est. (proportional to 251 vs prior 172)."
2026-05-07,DSP,29,754,2,20,digital signal processing (fallback),linkedin_serp estimate,"Indeed 403. Primary 'DSP engineer' too broad. Fallback 'digital signal processing': 754 total (29 new). ym_7d=2 (~7% of 29 est.); ym_30d=20 (~2.7% of 754 est.)."
2026-05-07,Electronics Engineer,59,4000,9,430,electronic design engineer (fallback),linkedin_serp estimate,"Indeed 403. LinkedIn 'electronic design engineer jobs UK': 4000+ total (59 new). ym_7d=9 (~15% of 59 est.); ym_30d=430 (~10% of 4000 est.)."
2026-05-08,Agentic AI / LLM,30,623,5,58,LLM engineer (Glassdoor fallback),"glassdoor_serp,linkedin_serp_estimate",Indeed 403. Primary 'LLM engineer' on Glassdoor UK: 623 total (no 7d new count). uk_7d=30 est from Leeds AI eng ratio (~10%). ym_7d=5 (Leeds 3 + Manchester est 2). ym_30d=58 est (Leeds 29 + Manchester ~29). Source switch from LinkedIn 256 (prior days) to Glassdoor 623; different scope.
2026-05-08,HW / Power / SI / PI,9,198,1,8,signal integrity (fallback),linkedin_serp,Indeed 403. Primary 'power integrity' no clean aggregate. Fallback 'signal integrity' LinkedIn SERP: 198 total UK (9 new). Same aggregate as prior days. ym_7d ~10% of 9 est.; ym_30d ~4% of 198 est.
2026-05-08,FPGA / RTL,16,251,4,18,FPGA engineer,"linkedin_serp,estimate",Indeed 403. LinkedIn 'FPGA Engineer jobs UK': 251 total (new count not shown in SERP snippet). uk_7d=16 est at ~6.4% of 251. ym_7d=4 est; ym_30d=18 est (~7% of 251).
2026-05-08,DSP,29,754,2,20,digital signal processing (fallback),linkedin_serp,Indeed 403. Primary 'DSP engineer' too broad. Fallback 'digital signal processing' LinkedIn SERP: 754 total (29 new). ym_7d=2 (~7% of 29 est.); ym_30d=20 (~2.7% of 754 est.). Same LinkedIn aggregate as prior days.
2026-05-08,Electronics Engineer,59,4000,7,417,electronic design engineer (fallback),linkedin_serp,Indeed 403. Primary 'electronics engineer' LinkedIn 4000+. Fallback 'electronic design engineer': 4000+ UK (59 new). Manchester: 383 total; Leeds: 34 total. ym_30d=417 (Manchester 383 + Leeds 34). ym_7d=7 est (~10.4% of 59).
2026-05-09,Agentic AI / LLM,25,256,5,55,LLM engineer (LinkedIn fallback),"linkedin_serp,estimate","Indeed UK 403. Primary 'LLM engineer' LinkedIn: 256 LLM jobs UK (25 new). ym_7d=5 est. (Leeds AI eng 3 new + Manchester ~2). ym_30d=55 est. (Leeds 29 + Manchester ~26). Trend target 2026-05-02 has no history within ±2 days; bare counts shown."
2026-05-09,HW / Power / SI / PI,9,198,1,8,signal integrity (fallback),"linkedin_serp,estimate","Indeed UK 403. Primary 'power integrity' no clean aggregate. Fallback 'signal integrity' LinkedIn SERP: 198 total UK (9 new). ym_7d ~11% of 9 est.; ym_30d ~4% of 198 est. Same LinkedIn aggregate as prior days."
2026-05-09,FPGA / RTL,16,251,4,18,FPGA engineer,"linkedin_serp,estimate","Indeed UK 403. LinkedIn SERP: 251 FPGA Engineer jobs UK (no 'new' count in SERP title). uk_7d=16 est. (~6.4% of 251 consistent with prior days). BAE Systems Manchester has multiple active FPGA roles. ym_7d=4 est.; ym_30d=18 est. (~7.2% of 251)."
2026-05-09,DSP,29,754,2,20,digital signal processing (fallback),"linkedin_serp,estimate","Indeed UK 403. Primary 'DSP engineer' too broad. Fallback 'digital signal processing' LinkedIn SERP: 754 total (29 new). ym_7d=2 (~7% est.); ym_30d=20 (~2.7% est.). Stable counts vs prior days."
2026-05-09,Electronics Engineer,59,4000,7,417,electronic design engineer (fallback),"linkedin_serp,estimate","Indeed UK 403. Primary 'electronics engineer' LinkedIn 4000+. Fallback 'electronic design engineer': 4000+ UK (59 new). Manchester: 383 total. ym_30d=417 (Manchester 383 + Leeds ~34 est.). ym_7d=7 est. (~12% of 59)."
2026-05-11,Agentic AI / LLM,25,256,5,55,LLM engineer (LinkedIn fallback),"linkedin_serp,estimate","Indeed UK 403. LinkedIn 'LLM jobs UK' SERP: 256 total (25 new). Same aggregate as prior days. Trend target 2026-05-04; nearest 2026-05-05 used (6d within ±2d window). uk_7d: 25(=); uk_30d: 256(=); ym_7d: 5(+1 vs May-05); ym_30d: 55(=)."
2026-05-11,HW / Power / SI / PI,9,198,1,8,signal integrity (fallback),"linkedin_serp,estimate","Indeed UK 403. Fallback signal integrity LinkedIn SERP: 198 total (9 new). Trend vs 2026-05-05: all cells stable (=)."
2026-05-11,FPGA / RTL,16,251,4,18,FPGA engineer,"linkedin_serp,estimate","Indeed UK 403. LinkedIn FPGA Engineer 251 UK jobs. Trend vs 2026-05-05: uk_7d +5 (11→16); uk_30d +79 (172→251); ym_7d +2 (2→4); ym_30d +3 (15→18)."
2026-05-11,DSP,29,754,2,20,digital signal processing (fallback),"linkedin_serp,estimate","Indeed UK 403. Fallback digital signal processing LinkedIn SERP: 754 total (29 new). Trend vs 2026-05-05: all cells stable (=)."
2026-05-11,Electronics Engineer,59,4000,7,417,electronic design engineer (fallback),"linkedin_serp,estimate","Indeed UK 403. LinkedIn 4000+ electronic engineer; fallback electronic design engineer (59 new). Trend vs 2026-05-05: uk_7d (=); uk_30d (=); ym_7d -3 (10→7); ym_30d -63 (480→417) — Leeds count refined in later runs."
2026-05-12,Agentic AI / LLM,25,256,5,55,LLM engineer (LinkedIn fallback),"linkedin_serp,estimate","Indeed UK 403. LinkedIn 'LLM jobs UK' SERP: 256 total (25 new). ym_7d=5 (Leeds AI eng 3 new + Manchester ~2 est.). ym_30d=55 est. (Leeds 29 + Manchester ~26). Trend vs 2026-05-05: uk_7d(=) uk_30d(=) ym_7d(+1 vs 4) ym_30d(=)."
2026-05-12,HW / Power / SI / PI,9,198,1,8,signal integrity (fallback),"linkedin_serp,estimate","Indeed UK 403. Power integrity no clean LinkedIn aggregate. Fallback signal integrity: 198 total (9 new). ym_7d ~11% of 9 est.; ym_30d ~4% of 198 est. Stable vs 2026-05-05 (all =)."
2026-05-12,FPGA / RTL,16,251,4,18,FPGA engineer,"linkedin_serp,estimate","Indeed UK 403. LinkedIn 'FPGA Engineer jobs UK': 251 total (no new count in SERP title). uk_7d=16 est. (~6.4% of 251). ym_7d=4 est.; ym_30d=18 est. (~7.2% of 251). Trend vs 2026-05-05: uk_7d +5 (11→16); uk_30d +79 (172→251); ym_7d +2 (2→4); ym_30d +3 (15→18)."
2026-05-12,DSP,29,754,2,20,digital signal processing (fallback),"linkedin_serp,estimate","Indeed UK 403. Primary 'DSP engineer' too broad. Fallback 'digital signal processing' LinkedIn SERP: 754 total (29 new). ym_7d=2 (~7% est.); ym_30d=20 (~2.7% est.). Stable vs 2026-05-05 (all =)."
2026-05-12,Electronics Engineer,59,4000,7,417,electronic design engineer (fallback),"linkedin_serp,estimate","Indeed UK 403. Primary 'electronics engineer' LinkedIn 4000+ no new count. Fallback 'electronic design engineer': 4000+ UK (59 new). Manchester: 383; Greater Leeds: 34. ym_30d=417 (383+34). ym_7d=7 est. (~12% of 59). Trend vs 2026-05-05: uk_7d(=) uk_30d(=) ym_7d -3 (10→7) ym_30d -63 (480→417 -- Leeds refined to 34)."
2026-05-13,Agentic AI / LLM,25,256,5,55,LLM jobs UK (LinkedIn fallback),linkedin_serp,"Indeed UK 403. LinkedIn 'LLM jobs UK' SERP: 256 total (25 new). ym_7d=5 est. (Leeds AI eng 3 new + Manchester ~2). ym_30d=55 est. Trend vs 2026-05-06: all cells (=)."
2026-05-13,HW / Power / SI / PI,9,198,1,8,signal integrity (fallback),linkedin_serp,"Indeed UK 403. Power integrity no clean aggregate. Fallback signal integrity LinkedIn SERP: 198 total (9 new). ym_7d ~11% of 9 est.; ym_30d ~4% of 198 est. Trend vs 2026-05-06: all cells (=)."
2026-05-13,FPGA / RTL,16,251,4,18,FPGA engineer,linkedin_serp,"Indeed UK 403. LinkedIn FPGA Engineer 251 UK (no new count shown). uk_7d=16 est. (~6.4% of 251). ym_7d=4 est. (Leeds FPGA Design Eng 27 new noted). ym_30d=18 est. (~7.2% of 251). Trend vs 2026-05-06: uk_7d +5 (11->16); uk_30d +79 (172->251); ym_7d +2 (2->4); ym_30d +3 (15->18)."
2026-05-13,DSP,29,754,2,20,digital signal processing (fallback),linkedin_serp,"Indeed UK 403. Primary 'DSP engineer' too broad (18k+). Fallback 'digital signal processing' LinkedIn SERP: 754 total (29 new). ym_7d=2 (~7% est.); ym_30d=20 (~2.7% est.). Trend vs 2026-05-06: all cells (=)."
2026-05-13,Electronics Engineer,59,4000,7,417,electronic design engineer (fallback),linkedin_serp,"Indeed UK 403. Primary 'electronics engineer' 4000+ no new count. Fallback 'electronic design engineer': 4000+ UK (59 new). Manchester 383; Leeds ~34. ym_30d=417. ym_7d=7 est. (~12% of 59). Trend vs 2026-05-06: uk_7d(=) uk_30d(=) ym_7d -3 (10->7) ym_30d -63 (480->417)."
2026-05-14,Agentic AI / LLM,25,256,5,55,LLM jobs UK (LinkedIn fallback),linkedin_serp,"Indeed UK 403. LinkedIn SERP 'LLM jobs UK': 256 total (25 new). ym_7d=5 est. (Leeds AI eng ~3 + Manchester ~2). ym_30d=55 est. (Leeds 29 + Manchester ~26). Trend vs 2026-05-07: all cells (=)."
2026-05-14,HW / Power / SI / PI,9,198,1,8,signal integrity (fallback),linkedin_serp,"Indeed UK 403. Primary power integrity no clean aggregate. Fallback signal integrity LinkedIn SERP: 198 total UK (9 new). ym_7d ~11% of 9 est.; ym_30d ~4% of 198 est. Trend vs 2026-05-07: all cells (=)."
2026-05-14,FPGA / RTL,16,251,4,18,FPGA engineer,"linkedin_serp,estimate","Indeed UK 403. LinkedIn SERP: 251 FPGA Engineer jobs UK (new count not shown in snippet). uk_7d=16 est. (~6.4% of 251). ym_7d=4 est. (West Yorkshire CWJobs 65 total; Leeds+Manchester ~6-7% of 7d). ym_30d=18 est. (~7.2% of 251). Trend vs 2026-05-07: uk_7d(=) uk_30d(=) ym_7d +1 (3->4) ym_30d(=)."
2026-05-14,DSP,29,754,2,20,digital signal processing (fallback),linkedin_serp,"Indeed UK 403. Primary DSP engineer too broad. Fallback digital signal processing LinkedIn SERP: 754 total (29 new). ym_7d=2 (~7% est.); ym_30d=20 (~2.7% est.). Trend vs 2026-05-07: all cells (=)."
2026-05-14,Electronics Engineer,59,4000,7,417,electronic design engineer (fallback),linkedin_serp,"Indeed UK 403. Primary electronics engineer 4000+ no new count. Fallback electronic design engineer LinkedIn SERP: 4000+ UK (59 new). Manchester 383 total; Leeds ~34. ym_30d=417 (383+34). ym_7d=7 est. (~12% of 59). Trend vs 2026-05-07: uk_7d(=) uk_30d(=) ym_7d -2 (9->7) ym_30d -13 (430->417)."
2026-05-15,Agentic AI / LLM,25,256,5,55,LLM engineer (LinkedIn fallback),"linkedin_serp,estimate","Indeed UK 403. LinkedIn 'LLM jobs UK' SERP: 256 total (25 new). ym_7d=5 est. (Leeds AI eng 3 new + Manchester ~2). ym_30d=55 est. (Leeds 29 + Manchester ~26). Trend vs 2026-05-08: uk_7d -5 (30->25); uk_30d source change Glassdoor 623->LinkedIn 256 (not real decline); ym_7d(=); ym_30d -3 (58->55)."
2026-05-15,HW / Power / SI / PI,9,198,1,8,signal integrity (fallback),"linkedin_serp,estimate","Indeed UK 403. Primary power integrity no clean aggregate. Fallback signal integrity LinkedIn SERP: 198 total (9 new). ym_7d=1 (~11% of 9 est.); ym_30d=8 (~4% of 198 est.). Trend vs 2026-05-08: all cells (=)."
2026-05-15,FPGA / RTL,16,251,4,18,FPGA engineer,"linkedin_serp,estimate","Indeed UK 403. LinkedIn FPGA Engineer jobs UK: 251 total (no new count in SERP). uk_7d=16 est. (~6.4% of 251). Leeds FPGA Design Eng: 493 total 27 new; ym_7d=4 est.; ym_30d=18 est. (~7.2% of 251). Trend vs 2026-05-08: all cells (=)."
2026-05-15,DSP,29,754,2,20,digital signal processing (fallback),"linkedin_serp,estimate","Indeed UK 403. Primary DSP engineer too broad. Fallback digital signal processing LinkedIn SERP: 754 total (29 new). ym_7d=2 (~7% est.); ym_30d=20 (~2.7% est.). Trend vs 2026-05-08: all cells (=)."
2026-05-15,Electronics Engineer,59,4000,7,417,electronic design engineer (fallback),"linkedin_serp,estimate","Indeed UK 403. Primary electronics engineer LinkedIn 4000+ no new count. Fallback electronic design engineer: 4000+ UK (59 new). Manchester 383 total; Leeds ~34. ym_30d=417 (383+34). ym_7d=7 est. (~12% of 59). Trend vs 2026-05-08: all cells (=)."
2026-05-16,Agentic AI / LLM,25,256,5,55,LLM engineer (LinkedIn fallback),linkedin_serp,"Indeed UK 403. LinkedIn 'LLM jobs UK' SERP: 256 total (25 new). ym_7d=5 est. (Leeds AI eng 3 new + Manchester ~2). ym_30d=55 est. (Leeds 29 + Manchester ~26). Trend vs 2026-05-09: all cells (=). LinkedIn aggregates stable."
2026-05-16,HW / Power / SI / PI,9,198,1,8,signal integrity (fallback),linkedin_serp,"Indeed UK 403. Power integrity no clean aggregate. Fallback signal integrity LinkedIn SERP: 198 total UK (9 new). ym_7d ~11% of 9 est.; ym_30d ~4% of 198 est. Trend vs 2026-05-09: all cells (=)."
2026-05-16,FPGA / RTL,16,251,4,18,FPGA engineer,linkedin_serp,"Indeed UK 403. LinkedIn FPGA Engineer 251 UK (no new count in SERP snippet). uk_7d=16 est. (~6.4% of 251). ym_7d=4 est.; ym_30d=18 est. (~7.2% of 251). Trend vs 2026-05-09: all cells (=)."
2026-05-16,DSP,29,754,2,20,digital signal processing (fallback),linkedin_serp,"Indeed UK 403. Primary DSP engineer too broad (18k+). Fallback digital signal processing LinkedIn SERP: 754 total (29 new). ym_7d=2 (~7% est.); ym_30d=20 (~2.7% est.). Trend vs 2026-05-09: all cells (=)."
2026-05-16,Electronics Engineer,59,4000,7,417,electronic design engineer (fallback),linkedin_serp,"Indeed UK 403. Primary electronics engineer LinkedIn 4000+ no new count. Fallback electronic design engineer: 4000+ UK (59 new). Manchester 383 total; Leeds ~34. ym_30d=417 (383+34). ym_7d=7 est. (~12% of 59). Trend vs 2026-05-09: all cells (=)."
2026-05-17,Agentic AI / LLM,25,256,5,55,LLM jobs UK (LinkedIn fallback),"linkedin_serp,estimate","Indeed UK 403. LinkedIn 'LLM jobs UK' SERP: 256 total (25 new). ym_7d=5 est. (Leeds ~3 + Manchester ~2). ym_30d=55 est. Trend vs 2026-05-09: all cells (=)."
2026-05-17,HW / Power / SI / PI,9,198,1,8,signal integrity (fallback),"linkedin_serp,estimate","Indeed UK 403. Primary 'power integrity' no clean aggregate. Fallback 'signal integrity' LinkedIn SERP: 198 total UK (9 new). ym_7d ~11% of 9 est.; ym_30d ~4% of 198 est. Trend vs 2026-05-09: all cells (=)."
2026-05-17,FPGA / RTL,16,251,4,18,FPGA engineer,"linkedin_serp,estimate","Indeed UK 403. LinkedIn 'FPGA Engineer jobs UK': 251 total (no new count in SERP). uk_7d=16 est. (~6.4% of 251). ym_7d=4 est.; ym_30d=18 est. (~7.2% of 251). Trend vs 2026-05-09: all cells (=)."
2026-05-17,DSP,29,754,2,20,digital signal processing (fallback),"linkedin_serp,estimate","Indeed UK 403. Primary 'DSP engineer' too broad. Fallback 'digital signal processing' LinkedIn SERP: 754 total (29 new). ym_7d=2 (~7% est.); ym_30d=20 (~2.7% est.). Trend vs 2026-05-09: all cells (=)."
2026-05-17,Electronics Engineer,59,4000,7,417,electronic design engineer (fallback),"linkedin_serp,estimate","Indeed UK 403. Primary 'electronics engineer' LinkedIn 4000+ no new count. Fallback 'electronic design engineer' LinkedIn SERP: 4000+ UK (59 new). Manchester 383 total; Leeds ~34. ym_30d=417 (383+34). ym_7d=7 est. (~12% of 59). Trend vs 2026-05-09: all cells (=)."
2026-05-18,Agentic AI / LLM,25,256,5,55,LLM engineer (LinkedIn fallback),"linkedin_serp,estimate","Indeed UK 403. LinkedIn LLM/AI jobs UK SERP: no new aggregate count retrieved; values maintained from prior day (25/256/5/55). ym_7d=5 est. (Leeds AI eng ~3 + Manchester ~2); ym_30d=55 est. (Leeds ~29 + Manchester ~26). Trend vs 2026-05-11: all cells (=)."
2026-05-18,HW / Power / SI / PI,9,198,1,8,signal integrity (fallback),"linkedin_serp,estimate","Indeed UK 403. LinkedIn SERP snippet: '198 Signal Integrity Engineer jobs in United Kingdom (9 new)'. ym_7d=1 (~11% of 9 est.); ym_30d=8 (~4% of 198 est.). Trend vs 2026-05-11: all cells (=)."
2026-05-18,FPGA / RTL,16,251,4,18,FPGA engineer,"linkedin_serp,estimate","Indeed UK 403. LinkedIn SERP: '251 Fpga Engineer jobs in United Kingdom' (no new count in snippet). uk_7d=16 est. (~6.4% of 251). ym_7d=4 est.; ym_30d=18 est. (~7.2% of 251). Altera FPGA Circuit Design Eng role spotted in Greater Manchester (LinkedIn ~3 days ago). Trend vs 2026-05-11: all cells (=)."
2026-05-18,DSP,29,754,2,20,digital signal processing (fallback),"linkedin_serp,estimate","Indeed UK 403. LinkedIn SERP snippet: '754 Digital Signal Processing jobs in United Kingdom (29 new)'. ym_7d=2 (~7% est.); ym_30d=20 (~2.7% est.). Trend vs 2026-05-11: all cells (=)."
2026-05-18,Electronics Engineer,59,4000,7,417,electronic design engineer (fallback),"linkedin_serp,estimate","Indeed UK 403. LinkedIn SERP snippet: '4000+ Electronic Design Engineer jobs in United Kingdom (59 new)'. ym_7d=7 est. (~12% of 59); ym_30d=417 (Manchester 383 + Leeds ~34 est.). Trend vs 2026-05-11: all cells (=)."
2026-05-19,Agentic AI / LLM,25,256,5,55,LLM engineer (LinkedIn fallback),linkedin_serp_estimate,"Indeed UK 403. LinkedIn LLM/AI jobs SERP: stable 256 total (25 new) – consistent with all prior days. ym_7d=5 est. (Leeds ~3 + Manchester ~2); ym_30d=55 est. Trend vs 2026-05-12: all cells (=)."
2026-05-19,HW / Power / SI / PI,9,198,1,8,signal integrity (fallback),linkedin_serp,"Indeed UK 403. LinkedIn SERP confirmed: '198 Signal Integrity Engineer jobs in United Kingdom (9 new)'. ym_7d=1 (~11% of 9 est.); ym_30d=8 (~4% of 198 est.). Trend vs 2026-05-12: all cells (=)."
2026-05-19,FPGA / RTL,16,251,4,18,FPGA engineer,linkedin_serp,"Indeed UK 403. LinkedIn SERP confirmed: '251 Fpga Engineer jobs in United Kingdom' (new count not shown). uk_7d=16 est. (~6.4% of 251). ym_7d=4 est.; ym_30d=18 est. (~7.2% of 251). Altera FPGA Circuit Design Eng role spotted in Greater Manchester (posted ~4 days ago). Trend vs 2026-05-12: all cells (=)."
2026-05-19,DSP,29,754,2,20,digital signal processing (fallback),linkedin_serp,"Indeed UK 403. LinkedIn SERP confirmed: '754 Digital Signal Processing jobs in United Kingdom (29 new)'. ym_7d=2 (~7% est.); ym_30d=20 (~2.7% est.). Trend vs 2026-05-12: all cells (=)."
2026-05-19,Electronics Engineer,59,4000,7,417,electronic design engineer (fallback),linkedin_serp,"Indeed UK 403. LinkedIn SERP confirmed: '4000+ Electronic Design Engineer jobs in United Kingdom (59 new)'. ym_7d=7 est. (~12% of 59); ym_30d=417 (Manchester 383 + Leeds ~34 est.). Trend vs 2026-05-12: all cells (=)."
2026-05-20,Agentic AI / LLM,25,256,5,55,LLM engineer (LinkedIn fallback),linkedin_serp_estimate,"Indeed UK 403. LinkedIn 'LLM jobs UK' SERP: 256 total (25 new). ym_7d=5 est. (Leeds ~3 + Manchester ~2). ym_30d=55 est. Trend vs 2026-05-13: all cells (=). All LinkedIn aggregates stable."
2026-05-20,HW / Power / SI / PI,9,198,1,8,signal integrity (fallback),linkedin_serp,"Indeed UK 403. LinkedIn 'signal integrity engineer jobs UK' SERP: 198 total (9 new). ym_7d=1 est. (~11% of 9); ym_30d=8 est. (~4% of 198). Trend vs 2026-05-13: all cells (=)."
2026-05-20,FPGA / RTL,16,251,4,18,FPGA engineer,linkedin_serp_estimate,"Indeed UK 403. LinkedIn 'FPGA Engineer jobs UK' SERP: 251 total (no new count shown). uk_7d=16 est. (~6.4% of 251). ym_7d=4 est.; ym_30d=18 est. (~7.2% of 251). Trend vs 2026-05-13: all cells (=)."
2026-05-20,DSP,29,754,2,20,digital signal processing (fallback),linkedin_serp,"Indeed UK 403. LinkedIn 'digital signal processing jobs UK' SERP: 754 total (29 new). ym_7d=2 (~7% est.); ym_30d=20 (~2.7% est.). Trend vs 2026-05-13: all cells (=)."
2026-05-20,Electronics Engineer,59,4000,7,417,electronic design engineer (fallback),linkedin_serp,"Indeed UK 403. LinkedIn 'electronic design engineer jobs UK' SERP: 4000+ total (59 new). Manchester 383 total; Leeds ~34 est. ym_30d=417 (383+34). ym_7d=7 est. (~12% of 59). Trend vs 2026-05-13: all cells (=)."
2026-05-20,Agentic AI / LLM,25,256,5,55,LLM engineer (LinkedIn fallback),linkedin_serp,"Second run 2026-05-20. Indeed UK 403. LinkedIn 'LLM jobs UK' SERP: 256 total (25 new). ym_7d=5 est.; ym_30d=55 est. Trend vs 2026-05-13: all (=). Pick: Sequence AI Engineer London (5d ago)."
2026-05-20,HW / Power / SI / PI,9,198,1,8,signal integrity (fallback),linkedin_serp,"Second run 2026-05-20. Indeed UK 403. LinkedIn signal integrity: 198 total (9 new). ym_7d=1 est.; ym_30d=8 est. Trend vs 2026-05-13: all (=). No verified UK picks <=7d."
2026-05-20,FPGA / RTL,16,251,4,18,FPGA engineer,linkedin_serp_estimate,"Second run 2026-05-20. Indeed UK 403. LinkedIn FPGA Engineer 251 UK (no new count). uk_7d=16 est. ym_7d=4 est.; ym_30d=18 est. Trend vs 2026-05-13: all (=). Pick: BAE Systems FPGA Firmware Gloucester (~1-2d ago per Flexa timestamp)."
2026-05-20,DSP,29,754,2,20,digital signal processing (fallback),linkedin_serp,"Second run 2026-05-20. Indeed UK 403. LinkedIn DSP 754 UK (29 new). ym_7d=2 est.; ym_30d=20 est. Trend vs 2026-05-13: all (=). Pick: Focusrite/Novation Embedded Audio DSP Eng High Wycombe (3d ago per search snippet)."
2026-05-20,Electronics Engineer,59,4000,7,417,electronic design engineer (fallback),linkedin_serp,"Second run 2026-05-20. Indeed UK 403. LinkedIn electronic design engineer 4000+ UK (59 new). ym_7d=7 est.; ym_30d=417 est. Trend vs 2026-05-13: all (=). No verified UK picks <=7d."
2026-05-20,Agentic AI / LLM,25,256,5,55,LLM engineer (LinkedIn fallback),linkedin_serp_estimate,"Third run 2026-05-20. Indeed UK 403. All SERP sources 403. Values carried forward. Pick: La Fosse Senior Agentic AI Engineer Leeds/Bradford hybrid (2d ago) £110k+15%. Sanity check passed for A1."
2026-05-20,HW / Power / SI / PI,9,198,1,8,signal integrity (fallback),linkedin_serp_estimate,"Third run 2026-05-20. All SERP 403. Carried forward. SANITY CHECK FAILURE: uk_7d=9 but no verified pick <=7d. Examined: Arm Cambridge SIPI (closed 17 Mar), Graphcore Bristol SI (7 Mar 74d old), GD Hastings (~Sept 2025). IC Resources Leeds SI (no date confirmed)."
2026-05-20,FPGA / RTL,16,251,4,18,FPGA engineer,linkedin_serp_estimate,"Third run 2026-05-20. All SERP 403. Carried forward. Pick: BAE Systems FPGA Firmware Engineer Gloucester (1-2d ago per Flexa/prior run). jobsearch.baesystems.com/job/fpga-firmware-engineer-121741."
2026-05-20,DSP,29,754,2,20,digital signal processing (fallback),linkedin_serp_estimate,"Third run 2026-05-20. All SERP 403. Carried forward. Pick: Cirrus Selection Embedded Systems Design Engineer (FPGA/DSP) Stevenage (posted 17 May 2026 ref 10113) £40-60k + 14% pension."
2026-05-20,Electronics Engineer,59,4000,7,417,electronic design engineer (fallback),linkedin_serp_estimate,"Third run 2026-05-20. All SERP 403. Carried forward. SANITY CHECK FAILURE: uk_7d=59 but no verified pick <=7d. Examined: Renishaw (18 Feb), Curtiss-Wright (2 Feb), Northrop Grumman Harrogate (July 2025), LPA Group Normanton (Mar 2025), Morson Cambridge (pre-Mar 2026)."
2026-05-21,Agentic AI / LLM,25,256,5,55,LLM engineer (LinkedIn fallback),"linkedin_serp,websearch","Indeed UK 403. LinkedIn LLM/AI jobs SERP: carried forward from 2026-05-20 (25/256). ym_7d=5 est.; ym_30d=55 est. Trend vs 2026-05-14: all (=). Pick: La Fosse Senior Agentic AI Engineer Leeds/Bradford hybrid £110k+15% (~19 May 2026)."
2026-05-21,HW / Power / SI / PI,9,198,1,8,signal integrity (fallback),"linkedin_serp","Indeed UK 403. LinkedIn signal integrity UK: 198 total (9 new). ym_7d=1 est.; ym_30d=8 est. Trend vs 2026-05-14: all (=). SANITY CHECK FAILURE: uk_7d=9 but no verified UK pick <=7d. Arm Feb 2026 too old; Signal Edge Baltimore REJECT; IC Resources dates unconfirmed."
2026-05-21,FPGA / RTL,16,251,4,18,FPGA engineer,"linkedin_serp,theiet_websearch","Indeed UK 403. LinkedIn FPGA Engineer 251 UK (no new count). uk_7d=16 est. (~6.4%). ym_7d=4 est.; ym_30d=18 est. Trend vs 2026-05-14: all (=). Pick: BAE Systems Senior FPGA Engineer Manchester (IET job 66307 posted ~15 May 2026)."
2026-05-21,DSP,29,754,2,20,digital signal processing (fallback),"linkedin_serp,workable_websearch","Indeed UK 403. LinkedIn digital signal processing UK: 754 (29 new). ym_7d=2 est.; ym_30d=20 est. Trend vs 2026-05-14: all (=). Pick: Focusrite/Novation Embedded Audio DSP Engineer High Wycombe (workable.com posted ~17 May 2026)."
2026-05-21,Electronics Engineer,59,4000,7,417,electronic design engineer (fallback),"linkedin_serp,totaljobs_websearch","Indeed UK 403. LinkedIn electronic design engineer UK: 4000+ (59 new). ym_7d=7 est.; ym_30d=417 est. Trend vs 2026-05-14: all (=). Pick: ECM Selection Digital Design Electronics Engineer Cambridge (TotalJobs job107276913; posting date estimated May 2026 - UNCONFIRMED)."
2026-05-22,Agentic AI / LLM,25,256,5,55,LLM engineer (LinkedIn fallback),linkedin_serp,"Indeed UK 403. LinkedIn 'LLM jobs UK' SERP: 256 total (25 new). ym_7d=5 est. (Leeds ~3 + Manchester ~2). ym_30d=55 est. Trend vs 2026-05-15: all cells (=). Pick: La Fosse Senior Agentic AI Engineer Leeds/Bradford hybrid £110k+15% (~19 May 2026). Runner-up: Datatech Analytics Senior AI Engineer Capital Markets London (closing 25 May 2026)."
2026-05-22,HW / Power / SI / PI,9,198,1,8,signal integrity (fallback),linkedin_serp,"Indeed UK 403. LinkedIn signal integrity UK: 198 total (9 new). ym_7d=1 est.; ym_30d=8 est. Trend vs 2026-05-15: all (=). SANITY CHECK FAILURE: uk_7d=9 but no verified pick <=7d. Examined: Arm Cambridge (Feb 19 2026); Intel Swindon SIPI (Feb 24 2026); MBDA R28218 Stevenage/Bristol (~May 8 est). All pages 403."
2026-05-22,FPGA / RTL,16,251,4,18,FPGA engineer,linkedin_serp_estimate,"Indeed UK 403. LinkedIn FPGA Engineer 251 UK (no new count). uk_7d=16 est (~6.4% of 251). ym_7d=4 est.; ym_30d=18 est. Trend vs 2026-05-15: all (=). SANITY CHECK FAILURE: uk_7d=16 est but no verified pick <=7d. BAE Manchester IET 66307 (Apr 8); Thales Crawley (Apr 13); MBDA R19364 age unclear; ECM job27407 likely >7d. All 403."
2026-05-22,DSP,29,754,2,20,digital signal processing (fallback),linkedin_serp,"Indeed UK 403. LinkedIn digital signal processing UK: 754 total (29 new). ym_7d=2 est.; ym_30d=20 est. Trend vs 2026-05-15: all (=). Pick: Focusrite/Novation Embedded Audio DSP Engineer High Wycombe/Remote UK (workable.com posted ~17 May 2026 per prior run metadata)."
2026-05-22,Electronics Engineer,59,4000,7,417,electronic design engineer (fallback),linkedin_serp,"Indeed UK 403. LinkedIn electronic design engineer UK: 4000+ total (59 new). ym_7d=7 est.; ym_30d=417 est. Trend vs 2026-05-15: all (=). Pick: ECM Selection Digital Design Electronics Engineer Cambridge (TotalJobs job107276913 ref TJ27471; TotalJobs 'approximately 1 week' metadata; borderline freshness ~May 15-16)."
2026-05-23,Agentic AI / LLM,25,256,4,55,LLM engineer (LinkedIn fallback),websearch_serp_snippet,"Indeed UK 403. LinkedIn SERP snippet via WebSearch: 256 LLM jobs UK (25 new). ym_7d=4 est. (Leeds AI Eng 3 new + Manchester ~1). ym_30d=55 est. Trend vs 2026-05-16: uk_7d(=) uk_30d(=) ym_7d(-1: 5→4) ym_30d(=). Pick: La Fosse Senior AI Engineer Agentic AI LLMs RAG Leeds/Bradford hybrid £110k+15% (~19 May 2026 per prior session metadata)."
2026-05-23,HW / Power / SI / PI,9,198,1,8,signal integrity (fallback),websearch_serp_snippet,"Indeed UK 403. LinkedIn SERP snippet: 198 Signal Integrity Engineer jobs UK (9 new). ym_7d=1 est. (~11% of 9); ym_30d=8 est. (~4% of 198). Trend vs 2026-05-16: all (=). SANITY CHECK FAILURE: uk_7d=9 but no verified UK pick <=7d. Arm Cambridge Feb 19 2026 (93d DQ); IC Resources Reading (date unconfirmed); Signal Edge Baltimore (non-UK REJECT). All pages 403."
2026-05-23,FPGA / RTL,16,251,4,18,FPGA engineer,websearch_serp_snippet,"Indeed UK 403. LinkedIn SERP snippet: 251 FPGA Engineer jobs UK (no 7d count shown). uk_7d=16 est. (~6.4% of 251). ym_7d=4 est.; ym_30d=18 est. Trend vs 2026-05-16: all (=). SANITY CHECK FAILURE: est uk_7d=16 but no verified UK pick <=7d. BAE Manchester Apr 8 (DQ); GE Vernova Stafford R5036639 Apr 13 (DQ); IC Resources FPGA Team Lead Bristol/Harrogate (date unclear likely old). All pages 403."
2026-05-23,DSP,29,754,2,20,digital signal processing (fallback),websearch_serp_snippet,"Indeed UK 403. LinkedIn SERP snippet: 754 Digital Signal Processing jobs UK (29 new). ym_7d=2 est. (~7%); ym_30d=20 est. (~2.7%). Trend vs 2026-05-16: all (=). Pick: Focusrite/Novation Embedded Audio DSP Engineer High Wycombe + Remote UK (apply.workable.com/focusrite/j/7799475841; ~17 May 2026 per prior session metadata consistent across 6 sessions)."
2026-05-23,Electronics Engineer,59,4000,7,417,electronic design engineer (fallback),websearch_serp_snippet,"Indeed UK 403. LinkedIn SERP snippet: 4000+ electronic design engineer UK (59 new est). ym_7d=7 est.; ym_30d=417 est. Trend vs 2026-05-16: all (=). Pick: Smartbox Senior Electronics Engineer Bristol BS1 (TotalJobs job107227038; 'posted 5 days ago' confirmed in today's live search metadata = ~18 May 2026). S1=Bristol S3=BS1 S7=TotalJobs/Indeed UK."
2026-05-24,Agentic AI / LLM,25,256,5,55,LLM jobs UK (LinkedIn fallback),linkedin_serp,"Indeed UK 403. LinkedIn 'LLM jobs UK' SERP: 256 total (25 new). ym_7d=5 est. (Leeds ~3 + Manchester ~2). ym_30d=55 est. Trend vs 2026-05-17: all cells (=). Pick: La Fosse Senior AI Engineer Agentic AI LLMs RAG Leeds/Bradford hybrid £110k+15% (~18 May 2026 per SERP snippet)."
2026-05-24,HW / Power / SI / PI,9,198,1,8,signal integrity (fallback),linkedin_serp,"Indeed UK 403. LinkedIn signal integrity UK: 198 total (9 new). ym_7d=1 est.; ym_30d=8 est. Trend vs 2026-05-17: all (=). SANITY CHECK FAILURE: uk_7d=9 but no verified UK pick <=7d. All job pages 403. Arm Cambridge Feb 19 (DQ); Graphcore Bristol Mar 7 (DQ); IC Resources Leeds/Remote date unverifiable; Intel SI/PI location ambiguous."
2026-05-24,FPGA / RTL,16,251,4,18,FPGA engineer,linkedin_serp,"Indeed UK 403. LinkedIn FPGA Engineer 251 UK (no new count in SERP). uk_7d=16 est. (~6.4%). ym_7d=4 est.; ym_30d=18 est. Trend vs 2026-05-17: all (=). Pick: Collins Aerospace RTX Lead FPGA Engineer Plymouth/Bristol hybrid (TotalJobs job107164627; posted ~May 19 per 5-days-ago TotalJobs metadata). S1=Plymouth S4=SC clearance S7=TotalJobs UK."
2026-05-24,DSP,29,754,2,20,digital signal processing (fallback),linkedin_serp,"Indeed UK 403. LinkedIn digital signal processing UK: 754 total (29 new). ym_7d=2 est.; ym_30d=20 est. Trend vs 2026-05-17: all (=). Pick: Focusrite/Novation Embedded Audio DSP Engineer High Wycombe + Remote UK (apply.workable.com/focusrite/j/7799475841; posted ~17 May 2026 per prior session metadata; borderline 7d). S1=High Wycombe S6=Focusrite UK HQ."
2026-05-24,Electronics Engineer,59,4000,7,417,electronic design engineer (fallback),linkedin_serp,"Indeed UK 403. LinkedIn electronic design engineer UK: 4000+ (59 new). ym_7d=7 est. ym_30d=417 est. Trend vs 2026-05-17: all (=). Pick: Smartbox Senior Electronics Engineer Bristol BS1 (TotalJobs job107227038; 6-days-ago TotalJobs = ~18 May 2026). S1=Bristol S3=BS1 S7=TotalJobs UK."
2026-05-25,Agentic AI / LLM,25,256,5,55,LLM jobs UK (LinkedIn fallback),linkedin_serp,"Indeed UK 403. LinkedIn 'LLM jobs UK' SERP: 256 total (25 new). ym_7d=5 est. (Leeds AI eng 3 new + Manchester ~2). ym_30d=55 est. Trend vs 2026-05-18: all cells (=). Pick: Bank of Scotland ML/AI Engineer Manchester (MCP + LangGraph/LangChain + Google ADK; ZipRecruiter.co.uk 504831690; date unverified canonical 403). S1=Manchester S6=Bank of Scotland (Lloyds) S7=ZipRecruiter.co.uk."
2026-05-25,HW / Power / SI / PI,9,198,1,8,signal integrity (fallback),linkedin_serp,"Indeed UK 403. LinkedIn signal integrity UK: 198 total (9 new). ym_7d=1 est.; ym_30d=8 est. Trend vs 2026-05-18: all (=). Pick: microTECH Global Contract SI/PI Engineer Remote UK job 19003UE5 (Cadence Sigrity; UK Nationals only; Bedfordshire client; date unverified canonical 403). S1=Bedfordshire S4=UK Nationals only S7=microtech-global.com."
2026-05-25,FPGA / RTL,16,251,4,18,FPGA engineer,linkedin_serp,"Indeed UK 403. LinkedIn FPGA Engineer 251 UK (no new count in SERP). uk_7d=16 est. (~6.4% of 251). ym_7d=4 est.; ym_30d=18 est. Trend vs 2026-05-18: all (=). Pick: Collins Aerospace RTX Lead FPGA Engineer Plymouth/Bristol hybrid (TotalJobs job107164627; ~May 19 per 6-days-ago TotalJobs metadata). S1=Plymouth/Bristol S4=SC clearance S7=TotalJobs UK."
2026-05-25,DSP,29,754,2,20,digital signal processing (fallback),linkedin_serp,"Indeed UK 403. LinkedIn DSP 754 UK (29 new). ym_7d=2 est.; ym_30d=20 est. Trend vs 2026-05-18: all (=). SANITY CHECK FAILURE: uk_7d=29 but no verified pick <=7d. Best candidate: Verso Recruitment Senior DSP Algorithm Engineer Fareham Hampshire (£75-90k+15% bonus; TotalJobs job106585202; original posting ~March 2026; re-listing date unclear). All canonical pages 403."
2026-05-25,Electronics Engineer,59,4000,7,417,electronic design engineer (fallback),linkedin_serp,"Indeed UK 403. LinkedIn electronic design engineer UK: 4000+ (59 new). Manchester 383; Leeds ~34. ym_30d=417 (383+34). ym_7d=7 est. (~12% of 59). Trend vs 2026-05-18: all (=). Pick: Smartbox Senior Electronics Engineer Bristol BS1 (TotalJobs job107227038; 7-days-ago TotalJobs = ~18 May 2026). S1=Bristol S3=BS1 S7=TotalJobs UK."
2026-05-27,Agentic AI / LLM,25,256,5,55,LLM jobs UK (LinkedIn fallback),linkedin_serp,"Indeed UK 403. LinkedIn SERP: 256 LLM jobs UK (25 new). ym_7d=5 est.; ym_30d=55 est. Trend vs 2026-05-20: all (=). SANITY CHECK FAILURE: uk_7d=25 but no verified pick <=7d. Liberty Global Bradford LangGraph April 22 (35d DQ). All canonical pages 403."
2026-05-27,HW / Power / SI / PI,9,198,1,8,signal integrity (fallback),linkedin_serp,"Indeed UK 403. LinkedIn SERP: 198 Signal Integrity Engineer jobs UK (9 new). ym_7d=1 est.; ym_30d=8 est. Trend vs 2026-05-20: all (=). SANITY CHECK FAILURE: uk_7d=9 but no verified pick <=7d. Intel Swindon ~3 weeks old (DQ). All canonical pages 403."
2026-05-27,FPGA / RTL,16,251,4,18,FPGA engineer,linkedin_serp,"Indeed UK 403. LinkedIn SERP: 251 FPGA Engineer jobs UK (no 7d count). uk_7d=16 est. (~6.4% of 251). ym_7d=4 est.; ym_30d=18 est. Trend vs 2026-05-20: all (=). Pick: Leonardo UK Firmware/FPGA Engineer All Levels Edinburgh (careers.uk.leonardo.com R0012737+R0014842). Freshness unverified canonical 403; S1+S4+S6 confirmed."
2026-05-27,DSP,29,754,2,20,digital signal processing (fallback),linkedin_serp,"Indeed UK 403. LinkedIn SERP: 754 Digital Signal Processing jobs UK (29 new). ym_7d=2 est.; ym_30d=20 est. Trend vs 2026-05-20: all (=). SANITY CHECK FAILURE: best pick Focusrite Embedded Audio DSP Engineer High Wycombe (Workable 7799475841) ~10d per prior-session metadata = DQ freshness. Presented with caveat."
2026-05-27,Electronics Engineer,59,4000,7,417,electronic design engineer (fallback),linkedin_serp,"Indeed UK 403. LinkedIn SERP: 4000+ Electronic Design Engineer jobs UK (59 new). ym_7d=7 est. (~12% of 59); ym_30d=417 (Manchester 383 + Leeds 34). Trend vs 2026-05-20: all (=). Pick: Renishaw Senior Electronics Design Engineer Exeter (Adzuna 5503196960). Freshness unverified canonical 403; S1+S2+S6 confirmed. Runner-up: ADI Mixed Signal DV Engineer Newbury (ZipRecruiter 449458910)."
2026-05-28,Agentic AI / LLM,25,256,5,55,LLM jobs UK (LinkedIn carried fwd),linkedin_serp_carryforward,"Indeed UK 403. LinkedIn direct 403. All sources blocked. Values carried forward from 2026-05-27 (25/256/5/55). Trend vs 2026-05-21: all (=). SANITY CHECK FAILURE: no verified pick <=7d; all canonical pages 403. Best leads: Lloyds Bank Manchester Agentic AI roles closed Apr 2026 (DQ); Trainline ML Engineer London posted Mar 2026 (DQ)."
2026-05-28,HW / Power / SI / PI,9,198,1,8,signal integrity (fallback),websearch_serp_snippet,"Indeed UK 403. LinkedIn direct 403. WebSearch SERP snippet confirmed: 198 Signal Integrity Engineer UK (9 new). ym carried fwd 1/8. Trend vs 2026-05-21: all (=). SANITY CHECK FAILURE: Arm Cambridge SI/PI best lead; date unconfirmed; canonical 403."
2026-05-28,FPGA / RTL,16,251,4,18,FPGA engineer,websearch_serp_snippet,"Indeed UK 403. WebSearch SERP snippet: 251 FPGA Engineer UK (no new count); uk_7d=16 est ~6.4% of 251. ym carried fwd 4/18. Trend vs 2026-05-21: all (=). SANITY CHECK FAILURE: Renishaw FPGA Wotton-under-Edge posted Apr 8 2026 (50d DQ); Certain Advantage FPGA Feb/Mar 2026 (DQ)."
2026-05-28,DSP,29,754,2,20,digital signal processing (fallback),websearch_serp_snippet,"Indeed UK 403. WebSearch SERP snippet: 754 Digital Signal Processing UK (29 new). ym carried fwd 2/20. Trend vs 2026-05-21: all (=). SANITY CHECK FAILURE: ECM Selection Cambridge DSP c£70k and Langham Gloucester DSP £80k found; dates unconfirmed; canonical 403."
2026-05-28,Electronics Engineer,59,4000,7,417,electronic design engineer (fallback),websearch_serp_snippet,"Indeed UK 403. WebSearch SERP snippet: 4000+ Electronic Design Engineer UK (59 new). ym carried fwd 7/417. Trend vs 2026-05-21: all (=). SANITY CHECK FAILURE: Redline Group Leeds Principal Electronics £43-72k found (unnamed employer; date unconfirmed; canonical 403); JAM Rochdale Dec 2025 posting (DQ freshness)."
2026-05-29,Agentic AI / LLM,25,256,5,55,LLM engineer (LinkedIn fallback),linkedin_serp_websearch,Indeed UK 403. LinkedIn SERP via WebSearch: 256 LLM jobs UK (25 new). ym_7d=5 est.; ym_30d=55 est. Trend vs 2026-05-22: all (=). Pick: G-Research AI Engineer London (posted ~May 25 per Glassdoor metadata; LangGraph/LangChain/MCP/RAG; £90k-£198k).
2026-05-29,HW / Power / SI / PI,9,198,1,8,signal integrity (fallback),linkedin_serp_websearch,Indeed UK 403. LinkedIn SERP via WebSearch: 198 Signal Integrity Engineer jobs UK (9 new). ym_7d=1 est.; ym_30d=8 est. Trend vs 2026-05-22: all (=). SANITY CHECK FAILURE: uk_7d=9 but no verified pick <=7d (13+ consecutive sessions). All canonical pages 403.
2026-05-29,FPGA / RTL,16,251,4,18,FPGA engineer,linkedin_serp_websearch,Indeed UK 403. LinkedIn SERP via WebSearch: 251 FPGA Engineer jobs UK (no new count shown). uk_7d=16 est. (~6.4% of 251). ym_7d=4 est.; ym_30d=18 est. Trend vs 2026-05-22: all (=). Pick: Leonardo UK Firmware/FPGA Engineers All Levels All UK Sites R0014842 Edinburgh/Newcastle (posted May 28 - 1 day ago per search snippet).
2026-05-29,DSP,29,754,2,20,digital signal processing (fallback),linkedin_serp_websearch,Indeed UK 403. LinkedIn SERP via WebSearch: 754 Digital Signal Processing jobs UK (29 new). ym_7d=2 est.; ym_30d=20 est. Trend vs 2026-05-22: all (=). Best pick: MBDA RF Communications DSP Engineer Bristol/Stevenage R26116; location verified (S1+S4+S6) but posting date unverified all pages 403. SANITY CHECK NOTE.
2026-05-29,Electronics Engineer,59,4000,7,417,electronic design engineer (fallback),linkedin_serp_websearch,Indeed UK 403. LinkedIn SERP via WebSearch: 4000+ Electronic Design Engineer jobs UK (59 new). ym_7d=7 est.; ym_30d=417 est. Trend vs 2026-05-22: all (=). SANITY CHECK FAILURE: uk_7d=59 but no verified pick <=7d. YT Technologies Bristol (May 6 DQ); Smartbox Bristol (~May 18 DQ); Morson Reading (May 13 DQ). Newer Adzuna IDs returned 403.
2026-05-30,Agentic AI / LLM,25,256,5,55,LLM engineer (LinkedIn fallback),linkedin_serp,Indeed UK 403. LinkedIn LLM jobs UK SERP: 256 total (25 new). ym_7d=5 est. (Manchester ~17 LLM openings; Leeds ~3+). ym_30d=55 est. Trend vs 2026-05-23: uk_7d(=) uk_30d(=) ym_7d(+1: 4->5) ym_30d(=). Pick: Clinisys Senior AI Engineer Woking UK (posted <1 day ago; LangGraph/LangChain/Semantic Kernel). S1=Woking S6=Clinisys UK office. Canonical 403.
2026-05-30,HW / Power / SI / PI,9,198,1,8,signal integrity (fallback),linkedin_serp,Indeed UK 403. LinkedIn signal integrity UK: 198 total (9 new). ym_7d=1 est.; ym_30d=8 est. Trend vs 2026-05-23: all (=). SANITY CHECK FAILURE: 14th+ consecutive session; no verified UK pick <=7d. Arm Cambridge Feb 19 (DQ); COKA Mar 25 (DQ); IC Resources Reading (date unknown). All canonical pages 403.
2026-05-30,FPGA / RTL,16,251,4,18,FPGA engineer,linkedin_serp_estimate,Indeed UK 403. LinkedIn FPGA Engineer 251 UK (no new count). uk_7d=16 est. (~6.4% of 251). ym_7d=4 est.; ym_30d=18 est. Trend vs 2026-05-23: all (=). Pick: QinetiQ Senior FPGA Development Engineer Portsmouth UK (SC clearance; date UNVERIFIED canonical 403). S1=Portsmouth S4=SC clearance S6=QinetiQ UK. careers.qinetiq.com/job/1274700501.
2026-05-30,DSP,29,754,2,20,digital signal processing (fallback),linkedin_serp,Indeed UK 403. LinkedIn DSP 754 UK (29 new). ym_7d=2 est.; ym_30d=20 est. Trend vs 2026-05-23: all (=). Pick: MBDA RF Communications DSP Engineer R26116 Bristol/Stevenage (up to £60k; British citizenship req; date UNVERIFIED canonical 403). S1=Bristol/Stevenage S2=£60k S4=British citizenship+BPSS S6=MBDA UK.
2026-05-30,Electronics Engineer,59,4000,7,417,electronic design engineer (fallback),linkedin_serp,Indeed UK 403. LinkedIn electronic design engineer 4000+ UK (59 new). ym_7d=7 est.; ym_30d=417 est. Trend vs 2026-05-23: all (=). Pick: Rise Technical Senior Electronics Engineer Cambridge (up to £80k hybrid; posted ~27 May 2026 = 3 days ago). S1=Cambridge S2=£80k S7=LinkedIn UK. Unnamed employer recruiter.
2026-05-31,Agentic AI / LLM,25,256,5,55,LLM engineer (LinkedIn fallback),linkedin_serp,"Indeed UK 403. LinkedIn 'LLM jobs UK' SERP: 256 total (25 new). ym_7d=5 est. ym_30d=55 est. Trend vs 2026-05-24: all (=). Pick: G-Research AI Engineer London (gresearch.com/vacancies/ai-engineer/; posted ~May 25 per search metadata; £90-198k). S1=London S2=£90-198k S6=G-Research London HQ. Runner-up: Clinisys Senior AI Engineer Woking (careers.clinisys.com/jobs/7817648; posted ~May 28-29)."
2026-05-31,HW / Power / SI / PI,9,198,1,8,signal integrity (fallback),linkedin_serp,"Indeed UK 403. LinkedIn signal integrity UK: 198 total (9 new). ym_7d=1 est.; ym_30d=8 est. Trend vs 2026-05-24: all (=). SANITY CHECK FAILURE: 15th+ consecutive session; uk_7d=9 no verified pick <=7d. IC Resources Senior SI Leeds (LinkedIn 4187454025; date unverified; 403). Arm Cambridge Feb 19 DQ."
2026-05-31,FPGA / RTL,16,251,4,18,FPGA engineer,linkedin_serp_estimate,"Indeed UK 403. LinkedIn FPGA Engineer 251 UK (no new count). uk_7d=16 est (~6.4% of 251). ym_7d=4 est.; ym_30d=18 est. Trend vs 2026-05-24: all (=). Pick: ECM Selection Senior FPGA Design Engineer Cambridge (ecmselection.co.uk/jobs/26880; to £80k; SystemVerilog+Xilinx UltraScale/Artix; S1+S2+S4+S6; date unverified 403)."
2026-05-31,DSP,29,754,2,20,digital signal processing (fallback),linkedin_serp,"Indeed UK 403. LinkedIn digital signal processing UK: 754 total (29 new). ym_7d=2 est.; ym_30d=20 est. Trend vs 2026-05-24: all (=). SANITY CHECK FAILURE: uk_7d=29 but no verified pick <=7d. Best leads: Cambridge Wireless Principal Audio DSP Engineer (job 52045; company/date unknown; 403); TTP Cambridge DSP/FPGA (Jan 2026 DQ)."
2026-05-31,Electronics Engineer,59,4000,7,417,electronic design engineer (fallback),linkedin_serp,"Indeed UK 403. LinkedIn electronic design engineer UK: 4000+ total (59 new). ym_7d=7 est.; ym_30d=417 est. Trend vs 2026-05-24: all (=). Pick: ECM Selection Electronics Engineer Cambridge (ecmselection.co.uk/jobs/27119; to £80k; PCB+power+FPGA design; S1+S2+S4+S6; date unverified 403)."
2026-06-01,Agentic AI / LLM,25,256,5,55,LLM engineer (LinkedIn fallback),linkedin_serp_websearch,"Indeed UK 403. LinkedIn LLM jobs UK SERP: 256 total (25 new). ym_7d=5 est.; ym_30d=55 est. Trend vs 2026-05-25: all (=). Pick: Clinisys Senior AI Engineer Woking (careers.clinisys.com/jobs/7817648; posted 29 May 2026 confirmed 3 days ago; LangGraph/Semantic Kernel/RAG/TypeScript). S1=Woking S6=Clinisys UK. Runner-up: G-Research AI Engineer London (gresearch.com/vacancies/ai-engineer/ ~May 25 7d borderline)."
2026-06-01,HW / Power / SI / PI,9,198,1,8,signal integrity (fallback),linkedin_serp_websearch,"Indeed UK 403. LinkedIn signal integrity UK: 198 total (9 new). ym carried fwd 1/8. Trend vs 2026-05-25: all (=). SANITY CHECK FAILURE: 16th+ consecutive session; no verified pick <=7d. Best effort: microTECH Global Contract SI/PI Engineer Remote UK job 19003UE5 (Cadence Sigrity; UK nationals only; Bedfordshire client). S1=Bedfordshire S4=UK nationals only."
2026-06-01,FPGA / RTL,16,251,4,18,FPGA engineer,linkedin_serp_websearch,"Indeed UK 403. LinkedIn FPGA Engineer 251 UK (no new count). uk_7d=16 est (~6.4% of 251). ym carried fwd 4/18. Trend vs 2026-05-25: all (=). Pick: RTRS FPGA Firmware Engineer on-site Gloucestershire (rtrsjobs.com job-768077; 6-month contract inside IR35; £550-700/day; VHDL Intel FPGA Xilinx accepted; SC clearance; date unverified first found today). S1=Gloucestershire S4=SC clearance+inside IR35."
2026-06-01,DSP,29,754,2,20,digital signal processing (fallback),linkedin_serp_websearch,"Indeed UK 403. LinkedIn digital signal processing UK: 754 total (29 new). ym carried fwd 2/20. Trend vs 2026-05-25: all (=). SANITY CHECK FAILURE: uk_7d=29 no verified pick <=7d. Morson DSP SDR Stevenage confirmed posted 25 March (DQ). Best effort: MBDA R26116 RF Communications DSP Engineer Bristol/Stevenage (up to £60k; British citizenship; date unverified persistent since May 25)."
2026-06-01,Electronics Engineer,59,4000,7,417,electronic design engineer (fallback),linkedin_serp_websearch,"Indeed UK 403. LinkedIn electronic design engineer 4000+ UK (no new count). uk_7d=59 est. ym carried fwd 7/417. Trend vs 2026-05-25: all (=). Pick: ECM Selection Electronics Engineer Cambridge to £80k (ecmselection.co.uk/jobs/27119; novel power electronics; S1=Cambridge S2=£80k S6=ECM Selection UK; first found in 2026-05-30 session ~May 28-30 posting)."
2026-06-02,Agentic AI / LLM,25,256,5,55,LLM engineer (LinkedIn fallback),linkedin_serp_websearch,"Indeed UK 403. LinkedIn LLM jobs UK SERP: 256 total (25 new). ym_7d=5 est.; ym_30d=55 est. Trend vs 2026-05-27: all (=). Pick: Lloyds Banking Group Lead Engineer Advanced AI Engineering Leeds (lloydsbankinggroup.com/careers/job-search/workday-job.156906.html; posted May 30 3 days ago; £69624-£105000; S1=Leeds S2=GBP S6=Lloyds UK; score 86/100). Runner-up: Lloyds Agentic AI Strategy Lead Manchester/Edinburgh/Bristol/London £116535-£137100 closing June 4."
2026-06-02,HW / Power / SI / PI,9,198,1,8,signal integrity (fallback),linkedin_serp_websearch,"Indeed UK 403. LinkedIn signal integrity UK: 198 total (9 new). ym carried fwd 1/8. Trend vs 2026-05-27: all (=). SANITY CHECK FAILURE: 18th+ consecutive session; no verified pick <=7d; all canonical pages 403. Best effort: IC Resources Senior Signal Integrity Engineer Leeds/Remote (date unverified)."
2026-06-02,FPGA / RTL,16,251,6,18,FPGA engineer,linkedin_serp_websearch,"Indeed UK 403. LinkedIn FPGA Engineer UK: 251 total (16 new 7d est). ym_7d=6 (+2 vs 2026-05-27). Trend: ym_7d +2 others (=). Pick: IC Resources Field Applications Engineer FPGA/EDA St Ives Cambridgeshire (uk.linkedin.com/jobs/view/.../3805206483; posted May 29 4 days ago per SERP snippet; S1=St Ives Cambridgeshire S7=uk.linkedin.com; score 69/100; FAE/applications role canonical 403)."
2026-06-02,DSP,29,754,2,20,digital signal processing (fallback),linkedin_serp_websearch,"Indeed UK 403. LinkedIn digital signal processing UK: 754 total (29 new). ym carried fwd 2/20. Trend vs 2026-05-27: all (=). SANITY CHECK FAILURE: uk_7d=29; no verified pick <=7d; all canonical pages 403. Technical Futures DSP SonicJobs ID encodes April 2025 (~14mo DQ). Sonos Audio DSP LinkedIn ID ~2023-2024 DQ. Best effort: MBDA R26116 RF Communications DSP Engineer Bristol/Stevenage (date unverified persistent)."
2026-06-02,Electronics Engineer,59,4000,7,417,electronic design engineer (fallback),linkedin_serp_websearch,"Indeed UK 403. LinkedIn electronic design engineer UK: 4000+ total (59 new 7d est). ym carried fwd 7/417. Trend vs 2026-05-27: all (=). SANITY CHECK FAILURE: uk_7d=59; no verified pick <=7d; all canonical pages 403. Best effort: Adzuna Lead Electronics Engineer City of London £700/day ID 5710666841 (date unverified canonical 403)."
